Product_names,Discount,Reviews_rate,Price
CLEAR NOSE Vitamin C Concentrate Super Serum 120ml,-49%,4.8,"฿559
-"
CLEAR NOSE UV Sun Serum SPF50+ PA++++ 80ml,-50%,4.9,"฿499
"
CLEAR NOSE Dark Spot Bright Serum 100ml,-50%,4.9,"฿549
"
CLEAR NOSE Vitamin C Complex Cleanser 150ml,-47%,4.9,"฿149
"
CLEAR NOSE Acne Care Solution Cleanser 150ml,-46%,4.9,"฿139
"
CLEAR NOSE Acne Care Solution Facial Serum 100ml,-50%,4.9,"฿449
"
CLEAR NOSE Moist Skin Barrier Moisturizing Gel 10ml,-49%,4.9,฿49
CLEAR NOSE Acne Care Solution Essence 150ml,-47%,4.9,"฿349
"
CLEAR NOSE Bright Micro Solution Cleanser 150ml,-40%,4.8,"฿149
"
CLEAR NOSE Acne Gel Concentrate Solution 15g,-50%,4.9,"฿199
-"
CLEAR NOSE Aloe Vera Soothing Brightening Gel 50ml,-49%,4.9,฿49
CLEAR NOSE Facial Matte Serum Oil Free 100ml,-36%,,"฿550
"
CLEAR NOSE UV Sun Serum SPF50+ PA++++ 7ml,-36%,4.9,฿49
CLEAR NOSE Acne Gel Concentrate Solution Care 4g,-50%,4.9,฿49
